Class;Entity
LEGAL;Anti-Jewish legislation
LOCATION;prewar Nazi Germany
LOCATION;Nazi Germany
LEGAL;Nuremberg Laws, and Haavara Agreement
INSTITUTION;Third Reich
PERSON_TYPE;Nazi
CONCEPT;Volksgemeinschaft
PERSON_TYPE;Nazi
MEASURE;two
PERSON_TYPE;Volksgenossen
CONCEPT;Volksgemeinschaft
PERSON_TYPE;Gemeinschaftsfremde
PERSON_TYPE;Nazi
MEASURE;three
PERSON_TYPE;Jews and the Romani
PERSON_TYPE;Marxists, liberals, Christians and the ""reactionaries""
PERSON_TYPE;National Comrades
PERSON_TYPE;homosexuals
PERSON_TYPE;National Comrades
MEASURE;two
CONCEPT;Volksgemeinschaft
PERSON_TYPE;Jewish
INSTITUTION;British police
LOCATION;Croydon airport
PERIOD;March 1939
LOCATION;Warsaw
PERSON_TYPE;Jews
CONCEPT;Volksgemeinschaft
NATIONAL;German
PERSON;Detlev Peukert
PERSON_TYPE;National Socialists
CONCEPT;Volksgemeinschaft
PERSON;Peukert
PERSON_TYPE;Community Aliens
PERIOD;1944
PERSON_TYPE;Nazi
EVENT;March 1933 Reichstag elections
PERSON_TYPE;Nazis
LOCATION;Dachau
PERIOD;9 March 1933
PERSON_TYPE;Communists and Social Democrats
INSTITUTION;Sturmabteilung
INSTITUTION;SA
INSTITUTION;Schutzstaffel
INSTITUTION;SS
PERIOD;mid-1934
INSTITUTION;SS
PERSON_TYPE;Germans
CONCEPT;Volksgemeinschaft
PERSON_TYPE;National Comrades
PERIOD;1930s
PERSON_TYPE;Jews
NATIONAL;Israeli
PERSON;Saul Friedländer
PERSON_TYPE;Nazis
LOCATION;Germany
NATIONAL;German
PERIOD;1 April 1933
PERSON_TYPE;Jewish
CONCEPTUAL;antisemitic
PERIOD;a week
PERIOD;one day
PERIOD;1933
LEGAL;Law for the Restoration of the Professional Civil Service
PERSON_TYPE;Jews
PERSON_TYPE;Aryans
PERSON_TYPE;Aryan
PERSON_TYPE;Aryan
MEASURE;first
CONCEPTUAL;antisemitic
INSTITUTION;Third Reich
LEGAL;Physicians' Law; and the Farm Law
PERSON_TYPE;Jews
PERSON_TYPE;Jewish
LOCATION;Dresden
PERSON_TYPE;Jewish
PERSON;President Paul von Hindenburg
PERSON;Hitler
PERSON_TYPE;Jewish
EVENT;First World War
PERIOD;1937
PERSON;Hindenburg
PERSON_TYPE;Jews
LEGAL;Law to Prevent Overcrowding in Schools
ORGANISATION;Journalists' Association
PERIOD;July 1933
LEGAL;Law for the Prevention of Hereditarily Diseased Offspring
MEASURE;over 200
INSTITUTION;Hereditary Health Courts
INSTITUTION;Erbgesundheitsgerichte
MEASURE;over 400,000
PERIOD;Nazi period
LEGAL;Nuremberg Laws of 1935
PERIOD;1935
PERSON;Hitler
LEGAL;Nuremberg Laws
PERSON_TYPE;Aryans
PERSON_TYPE;Jews
PERSON_TYPE;Gypsies, Negroes
LEGAL;Law for the Protection of German Blood and German Honor
PERSON_TYPE;German Jews
PERSON_TYPE;Nazis
CONCEPT;Rassenschande
PERSON;Hitler
LEGAL;Blood Law
UNKNOWN;final solution of the National Socialist Party
PERSON;Hitler
PERSON_TYPE;Jewish
ORGANISATION;National-Socialist Party
UNKNOWN;final solution
UNKNOWN;final solution
UNKNOWN;Endlösung
PERSON_TYPE;Nazi
PERSON_TYPE;Jews
PERIOD;January 1939
PERSON_TYPE;Jewry
LOCATION;Europe
CONCEP;Bolshevization of the earth
PERSON_TYPE;Jewry
PERSON_TYPE;Jewish
LOCATION;Europe
PERIOD;1940
PERSON_TYPE;Nazi
CREATION;The Eternal Jew
CREATION;Der ewige Jude
PERSON_TYPE;Jews
LOCATION;Europe
PERSON_TYPE;Intellectuals
PERSON_TYPE;Jews
PERSON;Walter Benjamin
LOCATION;Paris
PERIOD;18 March 1933
PERSON;Lion Feuchtwanger
LOCATION;Switzerland
PERSON;Bruno Walter
INSTALLATION;Berlin Philharmonic
MEDIA;Frankfurter Zeitung
PERIOD;6 April
PERSON;Walter
PERSON;Otto Klemperer
PERSON_TYPE;German
PERSON_TYPE;Jewish
PERSON;Albert Einstein
LOCATION;US
PERIOD;30 January 1933
LOCATION;Ostende in Belgium
LOCATION;Germany
ORGANISATION;Kaiser Wilhelm Society
ORGANISATION;Prussian Academy of Sciences
LOCATION;Germany
LOCATION;Austria
PERIOD;1938
PERSON;Sigmund Freud
LOCATION;Vienna
LOCATION;England
PERSON;Saul Friedländer
PERSON;Max Liebermann, honorary president of the Prussian Academy of Arts
PERIOD;1943
MEASURE;85
EVENT;Kristallnacht (1938)
EVENT;Kristallnacht
LOCATION;Siegen
PERIOD;10 November 1938
PERIOD;7 November 1938
PERSON_TYPE;Jewish
PERSON;Herschel Grünspan
PERSON_TYPE;Nazi German
PERSON;Ernst vom Rath
LOCATION;Paris
PERSON_TYPE;Nazis
PERSON_TYPE;Jewish Germans
PERSON_TYPE;Nazis
INSTITUTION;Nazi Party
INSTITUTION;SA
LOCATION;Nazi Germany
LOCATION;Germany
LOCATION;Austria, and Sudetenland
EVENT;Kristallnacht
EVENT;Crystal Night
EVENT;Night of Broken Glass
PERSON_TYPE;Jews
PERSON_TYPE;Jewish
MEASURE;Over 7,000
PERSON_TYPE;Jewish
MEASURE;more than 1,200
MEASURE;two-thirds
NATIONAL;German
MEASURE;91
MEASURE;30,000
LOCATION;Dachau, Sachsenhausen, Buchenwald, and Oranienburg
PERIOD;several weeks
PERSON_TYPE;Nazis
PERSON_TYPE;German Jewry
MEASURE;several hundred thousand
MEASURE;more than a billion
PERSON_TYPE;Jewish
LOCATION;Germany
PERSON_TYPE;Jewish
LOCATION;Germany
PERSON_TYPE;Romani and Slavs
MEASURE;930
PERSON_TYPE;Jewish
ARTIFACT;MS St. Louis
LOCATION;Cuba, the United States and Canada
LOCATION;Europe
PERSON_TYPE;Nazis
PERSON_TYPE;German
PERSON_TYPE;European
PERSON_TYPE;Jewry
LOCATION;Europe
PERSON;Hitler
UNKNOWN;1938–39 Schacht Plan
MEASURE;thousands
PERSON_TYPE;Jews
UNKNOWN;Schacht Plan
PERSON_TYPE;Nazi
PERSON_TYPE;Europe's Jews
LOCATION;Siberia
LOCATION;Palestine
PERSON_TYPE;Nazi
PERIOD;1933
ORGANISATION;Zionist Federation of Germany
ORGANISATION;Zionistische Vereinigung für Deutschland
INSTITUTION;Nazi government
LEGAL;Haavara Agreement
MEASURE;60,000
PERSON_TYPE;German Jews
MEASURE;100 million
LOCATION;Germany
LOCATION;Palestine
EVENT;World War II
PERSON;Hitler
NATIONAL;German
LOCATION;Tanganyika and South West Africa
PERSON_TYPE;Jewish
PERSON_TYPE;Germans
PERSON_TYPE;Germans
LOCATION;United Kingdom and France
PERSON_TYPE;Jews
LOCATION;British Palestine
LOCATION;Italian Abyssinia, British Rhodesia, French Madagascar, and Australia
LOCATION;Madagascar
PERSON;Heydrich
UNKNOWN;Madagascar Plan
UNKNOWN;final solution
PERSON;Hitler
PERIOD;1938
PERSON;Adolf Eichmann
PERSON_TYPE;Jews
PERIOD;1941
UNKNOWN;Madagascar Plan
PERIOD;10 February 1942
INSTITUTION;German Foreign Office
LOCATION;Soviet Union
PERSON_TYPE;Jews
PERSON_TYPE;Nazi
PERSON_TYPE;Ethnic Germans
CONCEPT;Lebensraum
CONCEPT;Nazi doctrine
PERSON_TYPE;Nazis
LOCATION;Poland
LOCATION;Russia
EVENT;Operation Barbarossa
PERSON_TYPE;Russian and Slavic
PERSON;Hitler
CONCEPT;Jewish Bolshevism
NATIONAL;German
LOCATION;Poland
EVENT;Holocaust in Poland
LOCATION;Poland
LOCATION;Poland
PERIOD;1939–45
PERSON_TYPE;Jews
LOCATION;Poland
LOCATION;Nazi Germany
PERIOD;1941
LOCATION;Poland
LOCATION;General Government area
EVENT;Germany's invasion of Poland in September 1939
CONCEPT;Jewish Question
LOCATION;Poland
MEASURE;three million
PERSON_TYPE;Jews
MEASURE;nine percent
PERSON_TYPE;Polish
MEASURE;two-thirds
PERSON_TYPE;Nazi
LOCATION;Poland
PERIOD;September 1939
PERSON;Himmler
PERSON;Reinhard Heydrich
TITLE;chief of the Reich Main Security Office
INSTITUTION;Reichssicherheitshauptamt
INSTITUTION;RSHA
MEASURE;seven
INSTITUTION;Security Service
INSTITUTION;SD
INSTITUTION;Gestapo
INSTITUTION;SS
LOCATION;Poland
PERSON_TYPE;Jews
PERSON;Heydrich
MEASURE;first
PERSON_TYPE;Jews
NATIONAL;German
EVENT;Operation Tannenberg
ORGANISATION;Selbstschutz
PERSON;Heydrich
TITLE;Reichsprotektor of Bohemia and Moravia
PERSON_TYPE;Polish Jews
NATIONAL;German
PERSON;Heydrich
PERIOD;1961
PERSON;Adolf Eichmann
PERSON_TYPE;Jews
PERSON;Hans Frank, Nazi governor
LOCATION;Poland
PERSON_TYPE;Jews
LOCATION;General Government area of central Poland
INSTITUTION;Reich Labor Office
PERSON;Fritz Sauckel
MEASURE;many thousands
PERSON_TYPE;Nazis
CONCEPT;Vernichtung durch Arbeit
PERSON_TYPE;Jewish
NATIONAL;German
LOCATION;Poland
PERIOD;late 1941
INSTITUTION;SS
PERSON_TYPE;Jews
NATIONAL;German
PERSON_TYPE;Nazi
PERSON;Hermann Göring
NATIONAL;German
INSTITUTION;German army's Economics Department
PERSON_TYPE;Jewish
LOCATION;General Government area
MEASURE;more than a million
LOCATION;Germany
LOCATION;Soviet Union
PERSON_TYPE;Jewish
LOCATION;Zolochiv, west Ukraine
PERSON_TYPE;Nazi
LOCATION;USSR
PERSON_TYPE;Soviets
INSTITUTION;Gestapo
LOCATION;Zolochiv
LOCATION;Germany
LOCATION;Norway, the Netherlands, Luxembourg, Belgium, and France
PERIOD;1940
LOCATION;Yugoslavia and Greece
PERIOD;1941
CONCEPTUAL;antisemitic
PERSON_TYPE;Jews
PERIOD;1942
INSTITUTION;Vichy regime
LOCATION;France
PERSON_TYPE;French Jews
LOCATION;Germany
LOCATION;Italy, Hungary, Romania, Bulgaria and Finland
CONCEPTUAL;antisemitic
MEASURE;900
PERSON_TYPE;Jews
MEASURE;300
PERSON_TYPE;Roma
INSTALLATION;Banjica concentration camp
LOCATION;Belgrade
PERSON_TYPE;Serbian communists, royalists
NATIONAL;German
LOCATION;Croatia
PERSON_TYPE;Jews
LEGAL;Legal Decree on the Nationalization of the Property of Jews and Jewish Companies
PERIOD;10 October 1941
LOCATION;Independent State of Croatia
LOCATION;North Africa
EVENT;Holocaust in Italian Libya
PERSON_TYPE;Jews
EVENT;Holocaust
PERSON_TYPE;Ashkenazi
PERSON_TYPE;Sephardi and Mizrahi Jews
PERIOD;1938
NATIONAL;Fascist Italian
LEGAL;anti-Semitic laws
PERSON_TYPE;Jews
PERSON_TYPE;Jewish
PERSON_TYPE;Jews
LOCATION;Libya
MEASURE;25%
LOCATION;Tripoli
PERSON_TYPE;Jewish
MEASURE;over 44
PERIOD;1942
PERSON_TYPE;Nazis
LOCATION;Benghazi's Jewish Quarter
MEASURE;more than 2,000
PERSON_TYPE;Jews
PERSON_TYPE;Nazi
EVENT;WWII
MEASURE;one-fifth
PERSON_TYPE;Jews
LOCATION;Libya
INSTALLATION;Giado camp
MEASURE;2,600
MEASURE;562
LOCATION;Gharyan, Jeren, and Tigrinna
LOCATION;Tunisia
NATIONAL;North African
PERSON_TYPE;Nazi
MEASURE;100,000
PERSON_TYPE;Jews
PERSON_TYPE;Nazis
PERIOD;November 1942
PERIOD;six months
PERSON_TYPE;Nazis
CONCEPTUAL;anti-Semitic
LOCATION;Tunisia
PERSON_TYPE;Jews
UNKNOWN;Yellow Star
MEASURE;5,000
PERSON_TYPE;Tunisian Jews
NATIONAL;European
MEASURE;More than 2,500
PERSON_TYPE;Tunisian Jews
NATIONAL;German
LOCATION;General Government and Lublin reservation
UNKNOWN;Nisko plan
UNKNOWN;Nisko Plan
LOCATION;General Government
PERIOD;28 September 1939
LOCATION;Germany
LOCATION;Lublin area
LEGAL;German-Soviet agreement
LOCATION;Lithuania
UNKNOWN;Nisko Plan
LOCATION;Lublin-Lipowa Reservation
PERSON;Adolf Eichmann
PERSON_TYPE;Jews
LOCATION;Germany, Austria, and the Protectorate of Bohemia and Moravia
PERSON_TYPE;Jews
LOCATION;Lublin
PERIOD;18 October 1939
PERSON_TYPE;Jews
LOCATION;Austria and the Protectorate of Bohemia and Moravia
PERIOD;30 January 1940
MEASURE;78,000
PERSON_TYPE;Jews
LOCATION;Lublin
LOCATION;Germany, Austria, and Czechoslovakia
MEASURE;12 and 13 February 1940
PERSON_TYPE;Pomeranian Jews
LOCATION;Lublin reservation
PERSON;Pomeranian Gauleiter Franz Schwede-Coburg
PERSON_TYPE;Jews
PERIOD;24 March 1940
PERSON;Göring
UNKNOWN;Nisko Plan
PERIOD;the end of April
UNKNOWN;Nisko Plan
PERSON_TYPE;Jews
LOCATION;Nisko
MEASURE;95,000
PERIOD;July 1940
LOCATION;General Government
PERSON;Hitler
PERIOD;October 1940
PERSON;Gauleiters Josef Bürckel and Robert Heinrich Wagner
EVENT;Operation Bürckel
PERSON_TYPE;Jews
LOCATION;France
LOCATION;Alsace-Lorraine
INSTITUTION;Reich
PERSON_TYPE;Jews
MEASURE;6,500
PERSON_TYPE;Jews
EVENT;Operation Bürckel
PERIOD;two hours
PERIOD;the night of 22–23 October 1940
MEASURE;nine
PERSON_TYPE;Jews
LOCATION;France
NATIONAL;French
NATIONAL;German
PERSON;German Foreign Minister Joachim von Ribbentrop
INSTITUTION;Vichy government
PERSON_TYPE;Jews
EVENT;Operation Bürckel
LOCATION;Vichy
LOCATION;Gurs, Rivesaltes and Les Milles
LOCATION;Germany
PERIOD;1940 and 1941
PERSON_TYPE;Jews
NATIONAL;German
LOCATION;Poland
PERSON_TYPE;Jews
LOCATION;General Government
PERSON_TYPE;Jews
LOCATION;Germany
LOCATION;Berlin
PERIOD;1943
PERSON_TYPE;Berlin Jews
PERIOD;December 1939
MEASURE;3.5 million
PERSON_TYPE;Jews
LOCATION;General Government area
PERIOD;1933–1945
PERSON_TYPE;Nazi
PERSON_TYPE;Nazi
PERIOD;12 April 1945
INSTALLATION;Lager Nordhausen
MEASURE;20,000
INSTITUTION;Third Reich
MEASURE;50%
PERIOD;After 1939
PERSON_TYPE;Jews and POWs
PERIOD;1942
INSTITUTION;six
LOCATION;Poland
PERSON_TYPE;Germans
MEASURE;15,000
LOCATION;eastern Europe
PERSON_TYPE;Jewish, Polish intelligentsia, communist, or Roma and Sinti
LOCATION;Germany
ARTIFACT;V-2 rockets
INSTALLATION;Mittelbau-Dora
INSTALLATION;Mauthausen-Gusen concentration camp
PERIOD;12- to 14-hour
PERIOD;1939–1945
LOCATION;Europe
PERIOD;1939-1944
PERSON_TYPE;Nazi
LOCATION;Białystok, Budapest, Kovno, Łódź, Lvov, Riga, Vilna, Warsaw
LOCATION;Warsaw Ghetto
LOCATION;Poland
PERSON_TYPE;Nazis
LOCATION;General Government
PERSON_TYPE;Jews
PERSON_TYPE;Jews
LOCATION;Germany
INSTITUTION;Judenrat
INSTITUTION;Jewish council
PERIOD;29 September 1939
PERSON;Heydrich
INSTITUTION;Einsatzgruppen
PERSON_TYPE;Germans
PERSON_TYPE;Nazi
INSTITUTION;Judenrat
TITLE;council leaders
TITLE;Leaders
PERSON;Joseph Parnas
LOCATION;Lviv
PERIOD;14 October 1942
LOCATION;Byaroza
PERSON;Adam Czerniaków
LOCATION;Warsaw
PERIOD;23 July 1942
PERSON;Chaim Rumkowski
LOCATION;Łódź
PERSON_TYPE;Jews
LOCATION;Germany
PERSON_TYPE;Nazis
INSTITUTION;Jewish council
PERSON_TYPE;Jews
INSTITUTION;Jewish council
LOCATION;Warsaw ghetto
ORGANISATION;Jewish Combat Organisation
INSTITUTION;council
PERSON_TYPE;Germans
LOCATION;Warsaw Ghetto
LOCATION;Warsaw Ghetto
MEASURE;380,000
LOCATION;Łódź Ghetto
MEASURE;second
MEASURE;160,000
LOCATION;Warsaw Ghetto
MEASURE;30%
LOCATION;Warsaw
MEASURE;2.4%
MEASURE;9.2
PERIOD;Between 1940 and 1942
MEASURE;hundreds of thousands
MEASURE;Over 43,000
LOCATION;Warsaw ghetto
MEASURE;one in ten
PERIOD;1941
LOCATION;Theresienstadt
MEASURE;more than half
PERIOD;1942
PERSON_TYPE;Germans
INSTITUTION;police
PERSON_TYPE;Juden
PERSON;Abraham Malik
LOCATION;Kovno Ghetto
PERSON;Himmler
PERIOD;19 July 1942
PERIOD;three days later, on 22 July
LOCATION;Warsaw Ghetto
MEASURE;next 52 days, until 12 September
MEASURE;300,000
LOCATION;Warsaw
INSTALLATION;Treblinka extermination camp
INSTALLATION;Treblinka
PERIOD;first
PERIOD;September 1942
LOCATION;Łachwa in southeast Poland
PERIOD;1943
EVENT;Warsaw Ghetto Uprising and the Białystok Ghetto Uprising
PERSON_TYPE;Nazi
PERSON_TYPE;Jews
PERIOD;1939–1942
EVENT;Dorohoi Pogrom, Iaşi pogrom, Jedwabne Massacre, Legionnaires' Rebellion and Bucharest Pogrom
LOCATION;Lviv
EVENT;Lviv pogroms and the Holocaust, and Odessa massacre
PERSON_TYPE;Jewish
LOCATION;Lviv, Ukraine
PERIOD;July 1941
EVENT;Second World War
EVENT;Nazis
EVENT;Iaşi pogrom in Romania on 30 June 1941
MEASURE;14,000
PERSON_TYPE;Jews
NATIONAL;Romanian
INSTITUTION;police
EVENT;Lviv pogroms
LOCATION;Poland
PERSON_TYPE;nationalists from the Ukrainian People's Militia
LOCATION;Lwów
LOCATION;Ukraine
MEASURE;some 6,000
PERSON_TYPE;Polish Jews
PERIOD;between 30 June and 29 July 1941
MEASURE;3,000
INSTITUTION;Einsatzgruppe C.
ORGANISATION;Ukrainian militia
NATIONAL;Polish
LOCATION;Łuck and Tarnopol
EVENT;Jedwabne pogrom of July 1941
INSTITUTION;Nazi Ordnungspolizei
MEASURE;300
PERSON_TYPE;Jews
PERSON_TYPE;Poles
PERSON_TYPE;German
MEASURE;40
PERSON_TYPE;Jewish
PERIOD;1941–1943
EVENT;The Holocaust in Ukraine, The Holocaust in Lithuania, The Holocaust in Latvia, The Holocaust in Estonia, The Holocaust in Belarus, The Holocaust in Russia
INSTITUTION;Einsatzgruppen
LOCATION;Soviet Union
INSTITUTION;Wehrmacht
INSTITUTION;Axis Powers
EVENT;World War II
EVENT;Babi Yar, Rumbula massacre, Kamianets-Podilskyi Massacre, and Ponary massacre
EVENT;Germany's invasion of the Soviet Union in June 1941
EVENT;Holocaust
EVENT;invasion of the Soviet Union
NATIONAL;German
CONCEPTUAL;anti-Bolshevik, anti-Semitic and anti-Slavic
TITLE;Wehrmacht officers
PERSON_TYPE;Jewish Bolshevik
PERSON_TYPE;Mongol
PERSON_TYPE;Asiatic
PERSON_TYPE;Nazi
LOCATION;Soviet Union
CONCEPT;German National Socialism and Jewish Bolshevism
PERSON_TYPE;Germans and the Bolsheviks, Jews, Romani and Slavic Untermenschen
PERSON;Hitler
PERIOD;30 March 1941
LOCATION;Soviet Union
PERSON_TYPE;Nazis
LOCATION;Lithuania
MEASURE;80%
MEASURE;220,000
PERSON_TYPE;Jews
LOCATION;Soviet territories
PERIOD;early 1942
LOCATION;Belarus, Estonia, Latvia, Lithuania, Ukraine, and Moldova and most Russian territory west of the line Leningrad–Moscow–Rostov
MEASURE;three million
PERSON_TYPE;Jews
PERSON_TYPE;Jews
INSTITUTION;German army mobile killing units
INSTITUTION;Einsatzgruppen
LOCATION;Ivanhorod
LOCATION;Ukraine
LOCATION;Eastern Front
LOCATION;Germany
ORGANISATION;Polish resistance
PERIOD;February 1943
LOCATION;Eastern Europe
CONCEPT;Bolshevism
NATIONAL;Soviet
PERSON_TYPE;Jews
PERSON_TYPE;Germans
PERSON_TYPE;Jews
INSTITUTION;Waffen-SS
LOCATION;Lithuania, Latvia, and western Ukraine
PERSON_TYPE;Jews
EVENT;German occupation
ORGANISATION;Latvian Arajs Kommando
NATIONAL;Latvian and Lithuanian
PERSON_TYPE;Jews
LOCATION;Belarus
LOCATION;south
PERSON_TYPE;Ukrainians
MEASURE;24,000
PERSON_TYPE;Jews
LOCATION;Poland
INSTITUTION;Ustaše militia in Croatia
PERSON_TYPE;Jews
NATIONAL;German
PERSON_TYPE;Jews
LOCATION;Soviet territories
INSTITUTION;SS
INSTITUTION;Einsatzgruppen
PERSON;Heydrich
LOCATION;Poland
PERIOD;1939
LOCATION;Soviet territories
INSTITUTION;Einsatzgruppe A
LOCATION;Baltic area
INSTITUTION;Einsatzgruppe B
LOCATION;Belarus
INSTITUTION;Einsatzgruppe C
LOCATION;north and central Ukraine
INSTITUTION;Einsatzgruppe D
LOCATION;Moldova, south Ukraine, Crimea
PERIOD;1942
LOCATION;north Caucasus
INSTITUTION;Einsatzgruppen
PERSON;Otto Ohlendorf
INSTITUTION;Einsatzgruppen
PERSON_TYPE;Jews, Gypsies
PERSON_TYPE;Communist
PERSON_TYPE;Communists
PERSON_TYPE;Jewish
INSTITUTION;Einsatzgruppe
PERIOD;December 1941
MEASURE;four
INSTITUTION;Einsatzgruppen
MEASURE;125,000, 45,000, 75,000, and 55,000
MEASURE;300,000
INSTALLATION;United States Holocaust Memorial Museum
INSTITUTION;Einsatzgruppen
LOCATION;Piryatin, Ukraine
PERSON_TYPE;Germans
MEASURE;1,600
PERSON_TYPE;Jews
PERIOD;6 April 1942, the second day of Passover
PERIOD;5:00 pm
PERSON;Ruderman
PERSON_TYPE;Jews
LOCATION;Soviet Union
LOCATION;Babi Yar
LOCATION;Kiev
MEASURE;33,771
PERSON_TYPE;Jews
PERIOD;29–3 September 1941
PERSON_TYPE;Jews
LOCATION;Kiev
PERSON;Major-General Friedrich Eberhardt, the Police Commander for Army Group South SS-Obergruppenführer Friedrich Jeckeln, and the Einsatzgruppe C Commander Otto Rasch
INSTITUTION;SS, SD, and Security Police
INSTITUTION;Ukrainian police
INSTITUTION;6th Army
PERSON_TYPE;Jews of Kiev
LOCATION;Babi Yar
PERIOD;29 September
PERSON_TYPE;Kiev's Jews
MEASURE;ten
MEASURE;150 meters
MEASURE;30 meters
MEASURE;15 meters
INSTITUTION;Schutzpolizei
PERSON_TYPE;Jews
PERSON;Jew
PERSON_TYPE;Jews
PERSON_TYPE;Jew
PERSON;Heinrich Himmler, Reinhard Heydrich, and Karl Wolff
LOCATION;Obersalzberg
PERIOD;May 1939
PERSON;Wolff
PERSON;Himmler
MEASURE;100
PERSON_TYPE;Jews
PERIOD;August 1941
PERSON;Himmler
LOCATION;Minsk
MEASURE;100
PERSON_TYPE;Jews
PERSON;Karl Wolff
PERSON;Himmler
PERSON;Himmler
INSTITUTION;SS
ORGANISATION;Party
LOCATION;Germany
INSTITUTION;Einsatzgruppen
CONCEPTUAL;anti-Bolshevik, anti-partisan or anti-bandit
NATIONAL;German
PERSON;Andreas Hillgruber
INSTITUTION;German Army
EVENT;Holocaust in Russia
PERIOD;1989
PERSON;Hillgruber
MEASURE;2.2 million
CONCEPTUAL;racist
TITLE;German generals
INSTITUTION;Einsatzgruppen
CONCEPTUAL;anti-partisan
INSTITUTION;Army
INSTITUTION;SS
CONCEPTUAL;anti-Bolshevik, anti-partisan and anti-Jewish
PERIOD;mid-1941
INSTITUTION;SS Cavalry Brigade
PERSON;Hermann Fegelein
MEASURE;699
PERSON_TYPE;Red Army
MEASURE;1,100
PERSON_TYPE;partisans
MEASURE;14,178
PERSON_TYPE;Jews
CONCEPTUAL;anti-partisan
LOCATION;Pripyat Marshes
PERSON;Fegelein
PERSON_TYPE;Jews
PERSON;General Max von Schenckendorff
INSTITUTION;Army Group Center
INSTITUTION;Wehrmacht
PERSON;Fegelein
CONCEPTUAL;anti-partisan
INSTITUTION;SS-Wehrmacht
PERSON_TYPE;Jews
ORGANISATION;7th Company of Police Battalion 322
MEASURE;32
PERSON_TYPE;Jews
TITLE;officers
PERSON;Knjashizy
PERSON_TYPE;partisans
ORGANISATION;Battalion 322
PERSON_TYPE;partisans
INSTITUTION;German police
LOCATION;Mizocz Ghetto
PERIOD;14 October 1942
LOCATION;Mogilev
TITLE;Wehrmacht officer
PERSON_TYPE;partisan
PERSON_TYPE;Jew
PERSON_TYPE;Jew
PERSON_TYPE;partisan
PERSON;Head of the OKW, Field-Marshal Wilhelm Keitel
PERIOD;12 September 1941
CONCEPT;Bolshevism
PERSON_TYPE;Jews
CONCEPT;Bolshevism
MEASURE;24
PERIOD;24 November 1941
TITLE;commander of the 707th
PERSON_TYPE;Jews and Gypsies
PERSON_TYPE;Jews
PERSON_TYPE;Gypsies
PERSON_TYPE;Jewish
LOCATION;White Ruthenia
PERSON_TYPE;Jews
INSTITUTION;SD
PERSON;Jürgen Förster
EVENT;Wehrmacht's war crimes
INSTITUTION;Wehrmacht
EVENT;Holocaust
EVENT;Shoah
INSTITUTION;SS
INSTITUTION;Wehrmacht
MEASURE;2,749
PERSON_TYPE;Jews
LOCATION;beach near the city of Liepāja, in Latvia
PERIOD;15–17 December 1941
PERIOD;December 1939
PERSON_TYPE;Nazis
LOCATION;Pomerania, East Prussia
LOCATION;Poland
UNKNOWN;Action T4
INSTALLATION;Sachsenhausen concentration camp
MEASURE;100
PERIOD;from November 1941
INSTALLATION;Chełmno extermination camp
PERIOD;December 1941
MEASURE;15
INSTALLATION;Einsatzgruppen
LOCATION;Soviet Union
INSTITUTION;SS-Reichssicherheitshauptamt
INSTITUTION;Reich Main Security Office
MEASURE;500,000
PERSON_TYPE;Jews
PERSON;Romani
PERIOD;a month
MEASURE;ninety seven thousand
MEASURE;three
PERSON;Hans Frank, governor of the General Government
PERSON;Christian Wirth
EVENT;Wannsee Conference
UNKNOWN;Final Solution
PERIOD;1942–1945
EVENT;Operation Reinhard, Wannsee Conference
CONCEPT;Final Solution
LOCATION;Wannsee villa
EVENT;Wannsee conference
MEASURE;15
PERIOD;20 January 1942
CONCEPT;final solution of the Jewish question
INSTITUTION;Reich
EVENT;Wannsee Conference
PERSON_TYPE;Jews
NATIONAL;European
INSTALLATION;Auschwitz I
INSTALLATION;Auschwitz II
INSTALLATION;Birkenau
INSTALLATION;museum at Auschwitz II
INSTALLATION;Crematorium II
INSTALLATION;Auschwitz II
INSTALLATION;Birkenau
EVENT;Holocaust
PERSON;Robert Jan van Pelt
LOCATION;Earth
MEASURE;500,000
PERSON_TYPE;Nazis
EVENT;Holocaust
MEASURE;thousands
UNKNOWN;Höfle Telegram
PERSON;Adolf Eichmann
PERIOD;January 1943
MEASURE;1,274,166
PERSON_TYPE;Jews
INSTALLATION;Aktion Reinhard camps
PERIOD;1942
PERSON;Reinhard Heydrich
EVENT;Wannsee Conference on 20 January 1942 in Berlin's Wannsee suburb
MEASURE;15
TITLE;Nazi leaders
TITLE;state secretaries, senior officials, party leaders, SS officers
PERSON_TYPE;Jewish
CONCEPT;Jewish question in Europe
PERSON;Heydrich
CONCEPT;European Jewish question
PERSON;Hitler
PERSON_TYPE;Jewish
EVENT;Wannsee Conference
PERIOD;1942
PERSON;Eichmann
PERSON;Heydrich
PERSON;Heydrich
PERSON_TYPE;Jews
LOCATION;east
MEASURE;11 million
PERSON_TYPE;Jews
LOCATION;Germany
LOCATION;UK and the US
PERSON;Heydrich
CONCEPT;Final Solution
PERSON_TYPE;Jews
TITLE;officials
MEASURE;2.3 million
PERSON_TYPE;Jews
LOCATION;General Government
MEASURE;850,000
LOCATION;Hungary
MEASURE;1.1 million
MEASURE;five million
LOCATION;USSR
MEASURE;two million
NATIONAL;Soviet
MEASURE;6.5 million
LOCATION;Poland
LOCATION;Auschwitz
PERSON;Göring's representative, Erich Neumann
PERSON_TYPE;German
PERIOD;1983
CREATION;Popular Opinion and Political Dissent in the Third Reich
PERSON;Ian Kershaw
LOCATION;Bavaria
PERIOD;Nazi period
PERSON_TYPE;Bavarians
PERSON;Kershaw
PERSON_TYPE;Jews
PERSON;Kershaw
PERSON_TYPE;Bavarians
EVENT;Shoah
CONCEPT;Final Solution to the Jewish Question
PERSON;Kershaw
INSTALLATION;Auschwitz
PERSON;Kershaw
PERSON_TYPE;Bavarians
PERSON_TYPE;Germans
EVENT;Shoah
NATIONAL;Israeli
PERSON;Otto Dov Kulka
LOCATION;Nazi Germany
NATIONAL;Canadian
PERSON;Michael Kater
PERSON;Kater
PERSON;Kershaw
CONCEPT;antisemitism
CONCEPTUAL;antisemitic
LOCATION;Nazi Germany
PERSON_TYPE;Germans
CONCEPT;antisemitism
PERSON_TYPE;Nazis
PERSON;Kulka
PERSON_TYPE;Germans
CONCEPTUAL;antisemitic
PERSON;Kershaw
CREATION;Popular Opinion and Political Dissent
PERSON_TYPE;German
PERSON_TYPE;Jews
PERSON_TYPE;Germans
PERSON_TYPE;Nazi
NATIONAL;German
PERSON;Christof Dipper
PERIOD;1983
CREATION;Der Deutsche Widerstand und die Juden
CONCEPT;English
CREATION;The German Resistance and the Jews
CREATION;Yad Vashem Studies, Volume 16, 1984
PERSON_TYPE;anti-Nazi national-conservatives
CONCEPTUAL;antisemitic
PERSON;Dipper
PERSON_TYPE;national-conservatives
PERSON_TYPE;Jews
PERIOD;until 1938
PERSON;Dipper
ORGANISATION;German resistance
EVENT;Holocaust
PERSON_TYPE;national-conservatives
PERSON_TYPE;Jews
PERSON;Hitler
PERSON;Dipper
PERSON_TYPE;German
CONCEPT;Jewish Question
PERIOD;2012
LOCATION;Berlin
MEASURE;3,000
MEASURE;1,300
LOCATION;Hamburg
PERSON_TYPE;German
PERSON;Robert Gellately
PERSON_TYPE;German
PERSON;Gellately
INSTITUTION;government
EVENT;Holocaust
EVENT;Holocaust
PERIOD;1965
CREATION;Command and Compliance
EVENT;Frankfurt Auschwitz Trials
NATIONAL;German
PERSON;Hans Buchheim
PERSON_TYPE;Jews
PERSON;Buchheim
INSTITUTION;SS
INSTITUTION;SS
PERSON;Himmler
PERSON_TYPE;National Socialists
PERIOD;1992
CREATION;Ordinary Men
EVENT;Holocaust
PERSON;Christopher Browning
ORGANISATION;German Reserve Police Battalion 101 of the Ordnungspolizei (Order Police)
PERSON_TYPE;Jews
PERSON_TYPE;Nazi
LOCATION;Hamburg
TITLE;commander
MEASURE;1,500
PERSON_TYPE;Jews from Józefów
MEASURE;12
MEASURE;500
PERSON;Milgram
PERSON;Browning
NATIONAL;Russian
PERSON;Sergei Kudryashov
PERSON;Browning
INSTALLATION;Trawniki SS camp division
PERSON_TYPE;Trawniki
EVENT;Operation Reinhard
ORGANISATION;Battalion 101
INSTITUTION;Red Army
INSTITUTION;SS
PERSON_TYPE;POW
PERSON;Christopher R. Browning
PERSON_TYPE;Hiwis
CONCEPTUAL;anti-Communist
CONCEPTUAL;anti-Semitic
LOCATION;Ukraine
LOCATION;Latvia and Lithuania
PERSON_TYPE;Hilfswillige
PERSON_TYPE;Hiwis
PERSON;Kudryashov
PERSON_TYPE;Communists
INSTITUTION;SS
PERSON_TYPE;Jews
PERSON_TYPE;Trawniki
EVENT;Operation Reinhard
PERSON_TYPE;Jews
PERSON;Christopher Browning
PERSON;Kudryashov
PERSON_TYPE;Trawniki
PERSON_TYPE;Trawniki
CONCEPT;Final Solution
PERSON_TYPE;Jews
INSTALLATION;Belzec, Sobibór, Treblinka II
LOCATION;Warsaw
LOCATION;Częstochowa, Lublin, Lvov, Radom, Kraków, Białystok
INSTALLATION;Majdanek
INSTALLATION;Auschwitz
INSTALLATION;Trawniki
INSTALLATION;KL Lublin/Majdanek camp complex
INSTALLATION;Poniatowa, Budzyń, Kraśnik, Puławy, Lipowa
LOCATION;Łomazy, Międzyrzec, Łuków, Radzyń, Parczew, Końskowola, Komarówka
PERIOD;1942
INSTALLATION;Auschwitz
UNKNOWN;Reinhard plan
INSTALLATION;Chełmno
INSTALLATION;Majdanek
PERSON_TYPE;POW
PERSON_TYPE;Jews
INSTALLATION;Belzec
INSTALLATION;Sobibór
INSTALLATION;Treblinka
INSTALLATION;Auschwitz
INSTALLATION;Maly Trostinets in Belarus
INSTALLATION;Jasenovac
PERSON_TYPE;ethnic Serbs
INSTALLATION;Dachau and Belsen
LOCATION;Germany
INSTITUTION;Nazi regime
PERSON_TYPE;Communists and homosexuals
NATIONAL;German
PERSON_TYPE;Nazi
PERSON_TYPE;Jews
LOCATION;one
LOCATION;five
LOCATION;heart of Europe
PERIOD;couple of hours
MEASURE;ninety percent
PERSON;Rudolf Vrba
INSTALLATION;Judenrampe in Auschwitz
PERIOD;from 18 August 1942 to 7 June 1943
INSTALLATION;Mauthausen-Gusen concentration camp in pre-war Austria
TITLE;doctor
PERSON_TYPE;Nazis
INSTALLATION;Auschwitz–Birkenau
NATIONAL;American
PERIOD;13 September 1944
PERSON;Rudolf Höss, commandant of Auschwitz
INSTALLATION;bunker 1
MEASURE;800
INSTALLATION;bunker 2
MEASURE;1,200
ARTIFACT;Zyklon-B
SUBSTANCE;HCN
SUBSTANCE;hydrogen cyanide
PERIOD;20 minutes
PERSON;Höß
MEASURE;one-third
PERSON;Johann Kremer, an SS doctor
PERIOD;four hours
SUBSTANCE;gold
ORGANISATION;Sonderkommando
PERSON_TYPE;Jewish
INSTALLATION;crematoria 1 and 2
ORGANISATION;Sonderkommando
INSTALLATION;crematoria 3 and 4
ORGANISATION;Sonderkommando
INSTITUTION;SS
SUBSTANCE;gold
SUBSTANCE;gold
ORGANISATION;Sonderkommando
PERIOD;between September and November 1942
PERSON;Himmler
PERIOD;early 1943
INSTALLATION;Treblinka
MEASURE;2,000
INSTALLATION;Treblinka
MEASURE;10
MEASURE;200
TITLE;SS doctors
INSTALLATION;Auschwitz
TITLE;doctors
INSTALLATION;Treblinka
INSTALLATION;Treblinka
INSTALLATION;Auschwitz
INSTALLATION;Auschwitz
PERSON;Rudolf Höss, Auschwitz camp commandant
LOCATION;Nuremberg
ORGANISATION;Jewish resistance
PERSON_TYPE;Jews
PERSON_TYPE;Germans
EVENT;Warsaw Ghetto uprising
PERSON;Jurgen Stroop
PERSON;Heinrich Himmler
EVENT;Warsaw Ghetto uprising
ORGANISATION;Jewish resistance
EVENT;Holocaust
PERSON;Peter Longerich
NATIONAL;Polish
PERSON_TYPE;Jewish
PERSON;Hilberg
PERSON_TYPE;Jewish
PERIOD;centuries
PERSON_TYPE;Jews
PERSON_TYPE;Jewish
PERSON_TYPE;Jews
LOCATION;earth
CREATION;The Destruction of the European Jews
PERSON;Raul Hilberg
PERSON_TYPE;Jews
NATIONAL;German
ORGANISATION;Jewish resistance
NATIONAL;European
PERSON_TYPE;Jews
NATIONAL;German
PERSON_TYPE;Jewish
PERSON_TYPE;Jewish
ORGANISATION;Jewish resistance
PERSON;Franz Stangl
NATIONAL;West German
PERSON_TYPE;Jewish
INSTALLATION;Treblinka
ORGANISATION;Jewish resistance
ORGANISATION;Fareynikte Partizaner Organizatsye
LOCATION;Vilnius Ghetto
ORGANISATION;FPO
LOCATION;Warsaw
PERSON;Timothy Snyder
EVENT;massive deportations of July–September 1942
PERSON_TYPE;Jewish
PERSON_TYPE;Jewish
INSTITUTION;pre-war Polish government
EVENT;Warsaw Ghetto Uprising of spring 1943
PERSON_TYPE;Polish Jews
PERSON;Yehuda Bauer
PERSON_TYPE;Jews
PERSON_TYPE;Germans
ORGANISATION;Jewish resistance
LOCATION;Warsaw Ghetto
PERIOD;1943
PERSON;Hilberg
ORGANISATION;Jewish resistance
PERSON;Gilbert
NATIONAL;German
PERSON_TYPE;Jews
CONCEPT;heroism
NATIONAL;European Jewish
PERSON_TYPE;Jewish
PERSON_TYPE;Jewish
EVENT;Warsaw Ghetto Uprising of January 1943
PERSON_TYPE;Jewish
INSTITUTION;SS
PERIOD;four weeks
PERSON_TYPE;Jewish
MEASURE;several hundred
PERSON_TYPE;Germans
PERSON_TYPE;Germans
MEASURE;17
MEASURE;93
MEASURE;13,000
PERSON_TYPE;Jews
MEASURE;57,885
NATIONAL;German
EVENT;uprising
EVENT;revolt in the Treblinka extermination camp in May 1943
MEASURE;200
PERSON_TYPE;German
MEASURE;900
MEASURE;600
MEASURE;40
PERIOD;Two weeks later
EVENT;uprising in the Białystok Ghetto
PERIOD;16 August 1943
PERSON_TYPE;Nazi
LOCATION;Poland
EVENT;Warsaw Ghetto Uprising of April–May 1943
NATIONAL;German
LOCATION;Ghetto
MEASURE;300 to 500
PERSON_TYPE;Jewish
MEASURE;25
MEASURE;100
ARTIFACT;Molotov cocktails
NATIONAL;German
PERIOD;September
EVENT;uprising in the Vilna Ghetto
ORGANISATION;Jewish resistance group Fareynikte Partizaner Organizatsye
ORGANISATION;United Partisan Organization
PERSON_TYPE;Nazi
EVENT;World War II
NATIONAL;German
PERSON_TYPE;Nazis
PERIOD;September 1943
ORGANISATION;FPO
PERSON_TYPE;partisans
PERIOD;October
MEASURE;600
PERSON_TYPE;Jewish
PERSON_TYPE;Jewish Soviet prisoners of war
INSTALLATION;Sobibór death camp
MEASURE;11
TITLE;German SS officers
MEASURE;Three hundred
MEASURE;60
PERSON_TYPE;Soviet partisans
PERIOD;7 October 1944
MEASURE;250
PERSON_TYPE;Jewish Sonderkommandos
INSTALLATION;Auschwitz
INSTALLATION;Crematorium IV
NATIONAL;German
EVENT;uprising
ORGANISATION;Sonderkommandos
MEASURE;250
NATIONAL;Jewish Soviet POW
ORGANISATION;German Army
PERIOD;August 1941
MEASURE;500,000
PERSON_TYPE;Jews
ORGANISATION;Soviet Army
EVENT;World War II
PERSON_TYPE;Jewish partisan
PERSON_TYPE;partisan
MEASURE;20,000 to 30,000
PERSON_TYPE;Jews
ORGANISATION;Soviet partisan movement
PERSON_TYPE;Nazis
LOCATION;Eastern Europe
PERSON_TYPE;Nazis
LOCATION;Lithuania
MEASURE;3,000
NATIONAL;German
MEASURE;1.4 million
PERSON_TYPE;Jewish
INSTITUTION;Allied
MEASURE;500,000
INSTITUTION;Red Army
MEASURE;550,000
INSTITUTION;U.S. Army
MEASURE;100,000
INSTITUTION;Polish army
MEASURE;30,000
INSTITUTION;British army
MEASURE;200,000
PERSON_TYPE;Jewish
INSTITUTION;Red Army
ORGANISATION;Jewish Brigade
MEASURE;5,000
PERSON_TYPE;Jewish
LOCATION;British Mandate of Palestine
INSTITUTION;British Army
CONCEPT;German
PERSON_TYPE;Jewish
ORGANISATION;Special Interrogation Group
PERSON_TYPE;Nazis
EVENT;Western Desert Campaign
LOCATION;Poland
LOCATION;Soviet territories
MEASURE;thousands
PERSON_TYPE;Jews
PERSON_TYPE;partisans
PERSON_TYPE;partisan
LOCATION;Lithuania and Belarus
PERSON_TYPE;Jews
PERSON_TYPE;partisan
PERSON_TYPE;Jewish partisan
MEASURE;thousands
PERSON_TYPE;Jewish
PERSON_TYPE;Jewish
LOCATION;Budapest
LOCATION;Amsterdam
LOCATION;Netherlands
PERSON_TYPE;Jews
ORGANISATION;Dutch Resistance
PERSON;Timothy Snyder
EVENT;Warsaw Uprising
EVENT;ghetto uprising of 1943
PERSON_TYPE;Jews
ORGANISATION;Home Army
ORGANISATION;People's Army
ORGANISATION;antisemitic National Armed Forces
PERSON_TYPE;Jews
PERSON_TYPE;Poles
PERSON_TYPE;Jewish
ORGANISATION;Home Army and the People's Army
PERSON_TYPE;Jews
EVENT;Warsaw Uprising of August 1944
EVENT;Warsaw Ghetto Uprising of April 1943
EVENT;partisans
PERSON_TYPE;Jewish
PERSON_TYPE;French Jews
ORGANISATION;French Resistance
PERSON_TYPE;Nazis and Vichy French
INSTITUTION;Allies
LOCATION;France
INSTITUTION;Allied
INSTITUTION;Free French forces
NATIONAL;French
PERSON_TYPE;Jews
MEASURE;one percent
NATIONAL;French
MEASURE;fifteen to twenty percent
ORGANISATION;French Resistance
PERSON_TYPE;Jewish
ORGANISATION;EEIF
INSTITUTION;Vichy regime
PERIOD;1943
PERSON_TYPE;Zionist Jews
ORGANISATION;Armee Juive
ORGANISATION;Jewish Army
CONCEPTUAL;Zionist
PERSON_TYPE;Jews
PERIOD;1944
EVENT;liberation of Paris, Lyon, Toulouse, Grenoble, and Nice
PERSON_TYPE;Jews
PERSON_TYPE;Jewish
ORGANISATION;Resistance
PERSON;Pieter Meerburg
INSTITUTION;SS
PERSON_TYPE;Jews
LOCATION;Warsaw Ghetto
PERIOD;1943
PERSON_TYPE;Jews
TITLE;German officials
PERSON_TYPE;Nazis
PERSON_TYPE;Jewish
ORGANISATION;Reich Association of Jews
ORGANISATION;Reichsvereinigung der Juden
LOCATION;Germany
INSTITUTION;Jewish Councils
INSTITUTION;Judenräte
LOCATION;Poland
PERSON_TYPE;Jewish
EVENT;Holocaust
PERSON;Alexander Kimel
PERSON_TYPE;Jewish
LOCATION;Europe
EVENT;Warsaw Ghetto uprising
PERSON_TYPE;Jewish
MEASURE;500,000
MEASURE;100,000
PERSON_TYPE;Jews
PERIOD;a millennium and a half
PERSON_TYPE;Jewish
PERSON_TYPE;German
PERSON_TYPE;Germans
PERSON_TYPE;Jews
LOCATION;East
PERSON_TYPE;Jews
INSTALLATION;railway stations at Auschwitz
PERSON;Jan Karski
ORGANISATION;Polish resistance
INSTITUTION;Allies
EVENT;Jewish Uprisings
PERSON_TYPE;Nazi
ORGANISATION;Jewish resistance
PERSON;Mordechaj Anielewicz, leader of the Jewish Combat Organization
EVENT;Warsaw Ghetto Uprising
PERIOD;1943
PERSON;Paweł Frenkiel, a Polish Jewish youth leader in Warsaw and a senior commander of the Jewish Military Union
ORGANISATION;JMU
PERSON;Icchak Cukierman, one of the leaders of the Warsaw Ghetto Uprising 1943
EVENT;1944 Warsaw Uprising
PERSON;Zivia Lubetkin, one of the leaders of the Jewish underground
PERSON_TYPE;Nazi
LOCATION;Warsaw
ORGANISATION;Żydowska Organizacja Bojowa
PERSON;Dov Lopatyn
PERSON_TYPE;partisan
PERSON;Abba Kovner
ORGANISATION;United Partisan Organization in Vilna
ORGANISATION;FPO
PERSON_TYPE;Jewish
EVENT;Nazi occupation
PERSON;Reinhard Heydrich
LOCATION;Prague
PERIOD;June 1942
INSTITUTION;Czechoslovakia's army-in-exile
EVENT;Operation Anthropoid
TITLE;head of the RSHA
PERSON;Ernst Kaltenbrunner
PERSON;Heydrich
PERSON;Kaltenbrunner
INSTITUTION;Gestapo, Sicherheitsdienst
CONCEPT;Final Solution
PERIOD;1943 and 1944
MEASURE;hundreds of thousands
NATIONAL;German
PERIOD;spring of 1944
MEASURE;8,000
LOCATION;Auschwitz
PERSON_TYPE;Jewish
LOCATION;General Government
PERIOD;1943
MEASURE;100,000
LOCATION;Warsaw Ghetto
PERIOD;early 1943
EVENT;Warsaw Ghetto Uprising
MEASURE;About 42,000
PERSON_TYPE;Jews
EVENT;Operation Harvest Festival on 3–4 November 1943
LOCATION;western and southern Europe
PERSON_TYPE;Jews
LOCATION;Soviet territories
PERSON_TYPE;Jews
INSTITUTION;SS
PERIOD;end of 1943
PERSON_TYPE;Germans
LOCATION;Soviet territory
LOCATION;Budapest, Hungary
NATIONAL;Hungarian and German
PERSON_TYPE;Jews
INSTALLATION;municipal theatre
PERIOD;October 1944
LOCATION;Budapest, Hungary
PERSON_TYPE;Jewish
LOCATION;Wesselényi Street
PERIOD;20–22 October 1944
PERSON_TYPE;Jews
NATIONAL;German
EVENT;Battle of Stalingrad
PERIOD;end of 1942
INSTITUTION;Allied
NATIONAL;German
PERSON_TYPE;Nazis
PERSON_TYPE;Jews
TITLE;Army leaders
PERSON_TYPE;Jewish
TITLE;Nazi leaders
INSTITUTION;SS
LOCATION;east
PERSON_TYPE;Jews
INSTITUTION;SS
PERIOD;1944
PERSON_TYPE;Germans
CONCEPT;Nazi fanaticism
LOCATION;Germany
TITLE;senior officials
LOCATION;Germany
PERSON;Himmler
INSTITUTION;SS
INSTITUTION;German Reich
PERSON;Himmler
PERSON;Hitler
PERIOD;October 1943
PERSON;Himmler
TITLE;senior Nazi Party officials
LOCATION;Poznań
PERSON_TYPE;Jews
PERSON_TYPE;Jewish
PERSON_TYPE;Jewish
TITLE;party member
PERSON_TYPE;Jews
MEASURE;80 million
PERSON_TYPE;Germans
PERSON_TYPE;Jew
PERSON_TYPE;Jew
MEASURE;100
MEASURE;500
MEASURE;1,000
PERSON_TYPE;Jews
PERSON_TYPE;Jews
LOCATION;German nation
PERIOD;1916/17
LOCATION;earth
PERSON_TYPE;German
PERSON;Heinrich Himmler
TITLE;SS Officers
LOCATION;Poznan
PERIOD;10 June 1943
PERSON_TYPE;Jewish
LOCATION;Carpatho-Ruthenia
INSTALLATION;Auschwitz death camp
PERIOD;May/June 1944
PERSON;Admiral Karl Dönitz and Armaments Minister Albert Speer
PERSON;Dönitz
EVENT;Nuremberg trials
CONCEPT;Final Solution
PERSON;Speer
PERIOD;post-war
PERIOD;1944
LOCATION;Poland
PERIOD;19 March 1944
PERSON;Hitler
LOCATION;Hungary
PERSON;Eichmann
LOCATION;Budapest
LOCATION;Hungary
MEASURE;800,000
PERSON_TYPE;Jews
LOCATION;Hungary
PERSON_TYPE;Jewish
PERSON_TYPE;Jewish
LOCATION;Hungary
MEASURE;More than half
INSTALLATION;Auschwitz
PERSON;commandant, Rudolf Höss
MEASURE;400,000
PERSON_TYPE;Hungarian Jews
PERIOD;three months
CONCEPT;Blood for goods
PERSON_TYPE;Hungarian Jews
PERSON_TYPE;Nazi
PERSON;Hitler
INSTITUTION;Allies
LOCATION;Istanbul
PERSON;Himmler
NATIONAL;British
PERSON_TYPE;Jewish
PERSON;Eichmann
MEASURE;one million
PERSON_TYPE;Jews
MEASURE;10,000
CONCEPT;blood for goods
EVENT;Eichman's trial in Jerusalem
INSTITUTION;Allies
PERIOD;April–June 1944
LOCATION;Bratislava
PERIOD;June–July 1944
PERSON;Rudolf Vrba
LOCATION;Auschwitz
PERIOD;April 7, 1944
MEASURE;first
PERSON;Arnost Rosin
PERIOD;27 May 1944
CREATION;The Mass Extermination of Jews in German Occupied Poland
INSTITUTION;Polish government-in-exile
INSTITUTION;United Nations
PERIOD;1942
CREATION;Auschwitz ""Camp of death""
PERSON;Natalia Zarembina
PERIOD;1942
PERIOD;1940
TITLE;Auschwitz commandant
NATIONAL;Polish
INSTITUTION;SS
MEASURE;first
NATIONAL;Polish
PERSON;Ruth Linn
PERSON_TYPE;Jewish
ORGANISATION;Polish underground
PERIOD;February 1942
INSTALLATION;Chełmno extermination camp
PERSON;Jacob Grojanowski
LOCATION;Warsaw Ghetto
INSTALLATION;Chełmno camp
ORGANISATION;Oneg Shabbat
CREATION;Grojanowski Report
ORGANISATION;Polish underground
INSTITUTION;Delegatura
LOCATION;London
PERIOD;June 1942
PERIOD;1 February
INSTITUTION;United States Office of War Information
PERSON_TYPE;Jews
PERSON_TYPE;Jewish
PERIOD;9 October 1942
NATIONAL;British
PERSON_TYPE;Jews
LOCATION;Netherlands
PERIOD;December 1942
INSTITUTION;Allies
EVENT;Joint Declaration by Members of the United Nations
PERSON;Hitler
PERSON_TYPE;Jewish
LOCATION;Europe
PERIOD;1942
PERSON;Jan Karski
INSTITUTION;Polish, British and US governments
LOCATION;Poland
EVENT;destruction of the Warsaw Ghetto and the Holocaust of the Jews
NATIONAL;Polish
TITLE;prime minister
ORGANISATION;Socialist Party, National Party, Labor Party, People's Party, Jewish Bund and Poalei Zion
PERSON;Anthony Eden, the British foreign secretary
LOCATION;Warsaw and Bełżec
PERIOD;1943
LOCATION;London
PERSON;Arthur Koestler
LOCATION;United States
PERSON;president Franklin D. Roosevelt
LOCATION;West
PERIOD;July 1943
PERSON;Karski
PERSON;Roosevelt
LOCATION;Poland
MEASURE;first
EVENT;Jewish Holocaust
PERSON;Roosevelt
LOCATION;Poland
PERSON_TYPE;Jews
LOCATION;United States
PERSON;Felix Frankfurter, Cordell Hull, William Joseph Donovan, and Stephen Wise
PERSON;Karski
PERSON;Cardinal Samuel Stritch
LOCATION;Hollywood
INSTITUTION;Polish government in exile
PERSON_TYPE;Jews
ORGANISATION;Dutch resistance
MEDIA;Het Parool
PERIOD;27 September 1943
ORGANISATION;Dutch resistance
PERSON_TYPE;Jews
INSTALLATION;Auschwitz concentration camp
PERSON;Pilecki
PERIOD;1941
PERIOD;September 1940
PERSON;Captain Witold Pilecki
ORGANISATION;Polish underground
ORGANISATION;Polish Home Army
INSTALLLATION;Auschwitz
INSTALLATION;Auschwitz
ORGANISATION;Związek Organizacji Wojskowej
ORGANISATION;Union of Military Organizations
ORGANISATION;UMO
INSTALLATION;Auschwitz
INSTITUTION;Western Allies
PERSON;Pilecki
INSTALLATION;Auschwitz
MEASURE;two
PERIOD;August 1943
INSTITUTION;Office of Strategic Services
INSTITUTION;OSS
LOCATION;London
MEASURE;three
INSTALLATION;Birkenau
MEASURE;10,000
MEASURE;30,000
MEASURE;one
PERSON;Pilecki
LOCATION;Poland
PERSON_TYPE;communist
INSTITUTION;Polish government in exile
PERIOD;25 May 1948
PERSON;Pilecki
INSTALLATION;Auschwitz
PERIOD;20 June 1942
PERSON;Ukrainian Eugeniusz Bendera
MEASURE;three
PERSON_TYPE;Poles
PERSON;Kazimierz Piechowski, Stanisław Gustaw Jaster and Józef Lempart
INSTITUTION;SS-Totenkopfverbände
INSTITUTION;SS
ARTIFACT;Steyr 220
MEASURE;first
PERSON;Witold Pilecki
ORGANISATION;Polish resistance
EVENT;Holocaust
PERSON_TYPE;Germans
PERSON;Rudolf Vrba and Alfred Wetzler
PERSON_TYPE;Jewish
INSTALLATION;Auschwitz
PERIOD;April 1944
LOCATION;Slovakia
MEASURE;32
PERSON_TYPE;Jewish
INSTALLATION;Auschwitz
CREATION;Vrba-Wetzler report
PERSON;Vrba
INSTALLATION;Judenrampe
PERSON_TYPE;Jews
NATIONAL;Slovakian
INSTITUTION;Allies
MEASURE;Two
INSTALLATION;Auschwitz
PERSON;Arnost Rosin and Czesław Mordowicz
PERIOD;27 May 1944
LOCATION;Slovakia
PERIOD;6 June
EVENT;Normandy landing
PERIOD;D-Day
LOCATION;Normandy
PERIOD;eight days
INSTITUTION;Judenrat
INSTITUTION;Judenrat
CREATION;Vrba and Wetzler's report
CREATION;Auschwitz Protocols
PERIOD;between 15 and 27 May 1944
MEASURE;100,000
PERSON_TYPE;Hungarian Jews
INSTALLATION;Birkenau
MEDIA;BBC and The New York Times
CREATION;Vrba-Wetzler report
PERIOD;15 June, 20 June, 3 July and 6 July 1944
PERSON;Miklós Horthy
PERSON_TYPE;Jews
LOCATION;Hungary to Auschwitz
PERIOD;9 July
MEASURE;200,000
PERSON_TYPE;Jews
PERIOD;14 November 2001
MEASURE;150th
MEDIA;The New York Times
PERSON;Max Frankel
EVENT;World War II
MEDIA;Times
EVENT;Holocaust
MEDIA;Times
PERSON;Laurel Leff
PERIOD;the year before
MEDIA;Harvard International Journal of the Press and Politics
MEDIA;The New York Times
INSTITUTION;Third Reich
PERSON_TYPE;Jews
PERSON;Leff
MEDIA;New York Times
PERSON_TYPE;American Jews
INSTITUTION;Congress
PERSON_TYPE;Europe's Jews
MEDIA;The New York Times
EVENT;Holocaust
EVENT;Death marches
PERIOD;1944–1945
EVENT;Death marches
EVENT;Holocaust
INSTALLATION;Grave and Memorial in Wodzisław
EVENT;Death march from Auschwitz Birkenau to Wodzisław Śląski
PERIOD;mid-1944
CONCEPT;Final Solution
PERSON_TYPE;Jewish
INSTITUTION;Nazi regime
MEASURE;25 percent
LOCATION;France
MEASURE;more than 90 percent
LOCATION;Poland
PERIOD;5 May
PERSON;Himmler
CONCEPT;Jewish question
LOCATION;Germany
LOCATION;Germany
PERIOD;1944
INSTITUTION;German armies
LOCATION;Soviet Union, the Balkans and Italy
NATIONAL;German
INSTITUTION;Allies
PERIOD;June
INSTITUTION;western Allies
LOCATION;France
INSTITUTION;Allied
PERSON_TYPE;partisans
PERSON_TYPE;Jews
LOCATION;Poland
INSTITUTION;Soviet armed forces
LOCATION;eastern Poland
LOCATION;west
LOCATION;Germany
INSTALLATION;Auschwitz
INSTALLATION;Gross Rosen in Silesia
INSTALLATION;Auschwitz
PERSON_TYPE;Soviets
LOCATION;Poland
MEASURE;13
INSTALLATION;Auschwitz II
PERIOD;25 November 1944
NATIONAL;Polish
PERSON_TYPE;Jews
EVENT;death marches
PERIOD;last weeks of the war
PERIOD;months or years
MEASURE;tens of miles
PERIOD;days
MEASURE;250,000
PERSON_TYPE;Jews
EVENT;death marches
PERIOD;January 1945
INSTITUTION;Soviet army
LOCATION;Poland
PERIOD;Nine days
PERSON_TYPE;Soviets
INSTALLATION;Auschwitz
INSTITUTION;SS
MEASURE;60,000
LOCATION;Wodzisław
CONCEPT;German
LOCATION;Loslau
MEASURE;56 km
MEASURE;35 mi
MEASURE;15,000
PERSON;Elie Wiesel
EVENT;Battle of Berlin, Death of Adolf Hitler, Prague Offensive, and Victory in Europe Day
INSTALLATION;Bergen-Belsen
INSTITUTION;Allied
INSTALLATION;Majdanek
PERSON_TYPE;Soviets
PERIOD;23 July 1944
INSTALLATION;Chełmno
PERSON_TYPE;Soviets
PERIOD;20 January 1945
INSTALLATION;Auschwitz
PERSON_TYPE;Soviets
PERIOD;27 January 1945
INSTALLATION;Buchenwald
PERSON_TYPE;Americans
PERIOD;11 April
INSTALLATION;Bergen-Belsen
PERSON_TYPE;British
PERIOD;15 April
INSTALLATION;Dachau
PERSON_TYPE;Americans
PERIOD;29 April
INSTALLATION;Ravensbrück
PERSON_TYPE;Soviets
INSTALLATION;Mauthausen
PERSON_TYPE;Americans
PERIOD;5 May
INSTALLATION;Theresienstadt
PERSON_TYPE;Soviets
PERIOD;8 May
INSTALLATION;Treblinka, Sobibór, and Bełżec
PERSON_TYPE;Nazis
PERIOD;1943
PERSON;Colonel William W. Quinn
INSTITUTION;US Seventh Army
INSTALLATION;Dachau
INSTALLATION;Mauthausen camp
PERIOD;5 May 1945
PERSON_TYPE;Soviets
MEASURE;a few thousand
MEASURE;7,600
INSTALLATION;Auschwitz
MEASURE;180
MEASURE;60,000
INSTALLATION;Bergen-Belsen
INSTITUTION;British 11th Armoured Division
MEASURE;13,000
MEASURE;10,000
PERSON_TYPE;British
INSTITUTION;SS
MEDIA;BBC
PERSON;Richard Dimbleby
INSTITUTION;British Army
INSTALLATION;Belsen
MEASURE;an acre
NATIONAL;British
PERIOD;days
INSTALLATION;Belsen
PERSON_TYPE;European Jews
PERSON_TYPE;Jews
EVENT;Holocaust
EVENT;Holocaust
PERSON;Donald Niewyk and Francis Nicosia
MEASURE;more than five million
PERSON_TYPE;European Jews
NATIONAL;British
PERSON;Martin Gilbert
MEASURE;six million—around 78 percent of the 7.3 million
PERSON_TYPE;Jews
LOCATION;Europe
PERSON;Timothy D. Snyder
CONCEPT;Holocaust
MEASURE;two
NATIONAL;German
PERSON_TYPE;Jews
INSTITUTION;Nazi regime
MEASURE;two to three million
PERSON_TYPE;Soviet POWs
PERSON_TYPE;Nazi
MEASURE;two million
PERSON_TYPE;Jewish
PERSON_TYPE;Poles
EVENT;Nazi occupation
MEASURE;90,000-220,000
PERSON_TYPE;Romani
MEASURE;270,000
UNKNOWN;Germany's eugenics program
MEASURE;80,000–200,000
PERSON_TYPE;Freemasons
MEASURE;20,000–25,000
PERSON_TYPE;Slovenes
MEASURE;5,000–15,000
PERSON_TYPE;homosexuals
MEASURE;2,500–5,000
PERSON_TYPE;Jehovah's Witnesses
MEASURE;7,000
PERSON_TYPE;Spanish Republicans
MEASURE;11 million
MEASURE;six million
PERSON_TYPE;Soviet
MEASURE;17 million
INSTALLATION;United States Holocaust Memorial Museum
MEASURE;15 to 20 million
PERSON;R.J. Rummel
LOCATION;Nazi Germany
MEASURE;21 million
PERSON_TYPE;Jewish
PERSON_TYPE;Jewish
LOCATION;Europe
PERSON_TYPE;Jewish
PERIOD;Since 1945
PERSON_TYPE;Jews
MEASURE;six million
INSTALLATION;Yad Vashem Holocaust Martyrs’ and Heroes’ Remembrance Authority
LOCATION;Jerusalem
PERSON_TYPE;Jews
MEASURE;three million
PERSON_TYPE;Jewish
MEASURE;six million
PERSON;Adolf Eichmann, a senior SS official
MEASURE;about 4.2 to 4.5 million
CREATION;The Final Solution
PERIOD;1953
PERSON;Gerald Reitlinger
NATIONAL;Russian
MEASURE;5.1 million
PERSON;Raul Hilberg
MEASURE;5.95 million
PERSON;Jacob Lestschinsky
PERSON;Yisrael Gutman and Robert Rozett
CREATION;Encyclopedia of the Holocaust
MEASURE;5.59–5.86 million
PERSON;Wolfgang Benz of the Technical University of Berlin
MEASURE;5.29 to 6.20 million
INSTALLATION;Yad Vashem
PERSON_TYPE;Nazi
ARTIFACT;Central Database of Shoah Victims’ Names
MEASURE;three million
EVENT;Holocaust
INSTALLATION;Yad Vashem
PERSON_TYPE;Jewish
PERSON;Hilberg
MEASURE;5.1 million
MEASURE;third
CREATION;The Destruction of the European Jews
MEASURE;800,000
MEASURE;1,400,000
MEASURE;2,900,000
PERSON;Hilberg
PERSON_TYPE;Jews
LOCATION;Poland
MEASURE;3,000,000
PERSON;Hilberg
PERSON;Martin Gilbert
MEASURE;over 5.75 million
PERSON_TYPE;Jewish
PERSON;Lucy S. Dawidowicz
MEASURE;5.934 million
PERSON_TYPE;Jews
MEASURE;eight to ten million
PERSON_TYPE;Jews
LOCATION;Germany
PERSON_TYPE;Jews
LOCATION;Soviet Union
MEASURE;six million
EVENT;Holocaust
MEASURE;60 to 75 percent
PERSON_TYPE;Jews
LOCATION;Poland
MEASURE;3.3 million
PERSON_TYPE;Jews
MEASURE;90 percent
PERIOD;beginning of World War II
PERSON_TYPE;Jewish
LOCATION;Baltic States
MEASURE;350,000: 250,000
LOCATION;Lithuania
MEASURE;95,000
LOCATION;Latvia
MEASURE;4,500
LOCATION;Estonia
PERIOD;end of 1941
MEASURE;230,000
PERSON_TYPE;Jews
LOCATION;Latvia and Lithuania
PERIOD;previous six months
MEASURE;4,000
PERSON_TYPE;Jews
LOCATION;Estonia
EVENT;before the German invasion
MEASURE;3,000
LOCATION;Soviet Union
MEASURE;1,000
INSTITUTION;SS
MEASURE;750,000
PERSON_TYPE;Jews
LOCATION;Germany and Austria
PERIOD;1933
MEASURE;about a quarter
PERSON_TYPE;German Jews
PERIOD;before 1939
LOCATION;Czechoslovakia, France or the Netherlands
LOCATION;Czechoslovakia, Greece, the Netherlands, and Yugoslavia
MEASURE;70 percent
MEASURE;Fifty to 70 percent
LOCATION;Romania, Belgium and Hungary
LOCATION;Belarus and Ukraine
LOCATION;Bulgaria, Denmark, France, Italy, and Norway
LOCATION;Albania
LOCATION;Germany
PERSON_TYPE;Jewish
PERIOD;1945
PERIOD;1939
MEASURE;About two hundred
PERSON_TYPE;Jews
MEASURE;over a thousand
MEASURE;60 percent
PERSON_TYPE;Muslim
LOCATION;Japan
INSTITUTION;Axis
NATIONAL;German
PERSON_TYPE;Jews
LOCATION;Shanghai Ghetto
MEASURE;over 3.8 million
MEASURE;80–90%
PERSON_TYPE;Jews
MEASURE;seven
MEASURE;half
PERSON_TYPE;Jews
EVENT;Nazi Holocaust
PERSON_TYPE;Jewish
LOCATION;Poland
MEASURE;half a million
PERSON_TYPE;Jews
LOCATION;Germany
PERSON_TYPE;Jewish
PERSON_TYPE;Nazis
LOCATION;Poland
MEASURE;million
PERSON_TYPE;Jews
MEASURE;50 percent
MEASURE;800,000 to one million
PERSON_TYPE;Jews
INSTITUTION;Einsatzgruppen
NATIONAL;Soviet
INSTITUTION;Einsatzgruppen
LOCATION;Poland
EVENT;Jewish Holocaust
PERSON_TYPE;Jewish
PERIOD;1990s
LOCATION;Eastern Europe
PERSON;Hilberg, Dawidowicz and Gilbert
PERSON;Gilbert
MEASURE;two million
INSTALLATION;Auschwitz-Birkenau
MEASURE;one million
PERSON;Wolfgang Benz
PERSON_TYPE;Jews of Europe
LOCATION;villa Am Grossen Wannsee
PERIOD;January 1942
MEASURE;six million
EVENT;holocaust
MEASURE;165,000
PERSON_TYPE;Jews from Germany
MEASURE;65,000
LOCATION;Austria
MEASURE;32,000
LOCATION;France and Belgium
MEASURE;100,000
LOCATION;Netherlands
MEASURE;60,000
LOCATION;Greece
LOCATION;Yugoslavia
MEASURE;140,000
LOCATION;Czechoslovakia
MEASURE;half a million
LOCATION;Hungary
MEASURE;, 2.2 million
LOCATION;Soviet Union
MEASURE;2.7 million
LOCATION;Poland
LOCATION;Romania and Transitrien
MEASURE;200,000
PERSON_TYPE;Jews
LOCATION;Albania and Norway, Denmark and Italy
LOCATION;Luxembourg and Bulgaria
PERSON;Wolfgang Benz
PERSON_TYPE;Jews
LOCATION;Europe
PERSON;Benz
LOCATION;Denmark and Albania
LOCATION;Albania
PERSON_TYPE;Jew
LOCATION;Denmark
MEASURE;1 percent
PERSON_TYPE;Jewish
CONCEPT;Yiddish and Ladino
INSTALLATION;Auschwitz-Birkenau
PERIOD;1945
PERSON_TYPE;Jewish
EVENT;Holocaust
CONCEPT;Yiddish
EVENT;Holocaust
CONCEPT;Yiddish
CONCEPT;Yiddish
EVENT;World War II
MEASURE;11 to 13 million
CONCEPT;Yiddish
EVENT;Holocaust
CONCEPT;Yiddish
PERSON_TYPE;Jewish
MEASURE;five million (85%)
EVENT;Holocaust
CONCEPT;Yiddish
CONCEPT;Yiddish
NATIONAL;Ladino (Judaeo-Spanish)
PERSON_TYPE;Jewish
LOCATION;Greece
LOCATION;Balkans
PERSON_TYPE;Jewish
PERSON_TYPE;Slavs
UNKNOWN;Generalplan Ost and Hunger Plan
LOCATION;Europe
EVENT;World War II
UNKNOWN;Generalplan Ost
PERSON;Hitler
CREATION;Mein Kampf
NATIONAL;German
LOCATION;Lebensraum
LOCATION;Eastern Europe
PERSON_TYPE;Slavs
PERSON_TYPE;Nazis
PERSON_TYPE;Slavs
PERSON_TYPE;Untermenschen
PERSON;Heinrich Himmler
CREATION;Reflections on the Treatment of Peoples of Alien Races in the East
PERIOD;25 May 1940
LOCATION;East
PERSON;Himmler
NATIONAL;German
LOCATION;East
LOCATION;Germany
PERSON_TYPE;Germans
INSTITUTION;General Government
MEASURE;500
PERSON_TYPE;Germans
PERSON;Himmler
CONCEPT;Germanization
LOCATION;Eastern Europe
LOCATION;East
NATIONAL;German
NATIONAL;Germanic
PERSON;Himmler
UNKNOWN;Generalplan Ost (General Plan East)
PERSON;Hitler
PERIOD;1942
PERSON_TYPE;Slavs
NATIONAL;German
PERIOD;20–30 years
PERSON;Doris L. Bergen
PERSON_TYPE;Nazi
UNKNOWN;General Plan East
NATIONAL;German
PERSON_TYPE;Germans and ethnic Germans
PERSON_TYPE;Slavs
PERSON_TYPE;Jews
UNKNOWN;Generalplan Ost
PERSON;Rudolph Rummel
PERSON_TYPE;Slav
PERSON_TYPE;POWs
PERSON_TYPE;Nazis
MEASURE;10,547,000
PERSON;William W. Hagen
UNKNOWN;  Generalplan Ost
PERSON_TYPE;European
PERSON_TYPE;Poles
MEASURE;85 percent
PERSON_TYPE;Belarusians
MEASURE;75 percent
PERSON_TYPE;Ukrainians
MEASURE;65 percent
PERSON_TYPE;Czechs
MEASURE;50 percent
PERSON_TYPE;Russian
CONCEPTUAL;Slavic
UNKNOWN;Generalplan Ost
MEASURE;20 to 30 million
PERSON_TYPE;Slavs and Jews
PERSON;Heinrich Himmler
EVENT;Operation Barbarossa, June 1941
PERSON_TYPE;Ethnic Poles
PERSON_TYPE;Nazi
PERSON_TYPE;Poles
EVENT;Occupation of Poland
PERIOD;1939–1945
NATIONAL;German
LOCATION;Poland
CREATION;Sonderfahndungsbuch Polen
EVENT;Holocaust
LOCATION;Poland
PERSON_TYPE;Polish
INSTALLATION;Auschwitz
PERIOD;1942/43
INSTALLATION;Auschwitz
PERSON_TYPE;Polish
PERSON_TYPE;Polish
LOCATION;Warsaw
PERSON_TYPE;Poles
PERSON_TYPE;Jews
EVENT;Execution of Poles by Einsatzkommando, Leszno, October 1939
NATIONAL;German
PERIOD;November 1939
PERSON_TYPE;Poles
PERSON_TYPE;Poles
PERSON;Heinrich Himmler
NATIONAL;Polish
EVENT;German occupation
PERSON_TYPE;Poles
PERSON_TYPE;German
PERSON_TYPE;Poles
PERIOD;1952
MEASURE;three–four million
LOCATION;Poland
PERSON_TYPE;German
PERSON_TYPE;Poles
LOCATION;Germany
PERSON_TYPE;Poles
PERIOD;22 August 1939
PERIOD;a week before the onset of war
PERSON;Hitler
LOCATION;East
PERSON_TYPE;Polish
PERSON_TYPE;Nazi
PERSON_TYPE;Poles
PERSON_TYPE;Jews
NATIONAL;Polish
PERSON_TYPE;German
PERSON_TYPE;ethnic Poles
PERSON_TYPE;Jews
PERSON_TYPE;Polish Jews
MEASURE;90%
EVENT;Holocaust
PERSON_TYPE;Christian Poles
EVENT;German occupation
MEASURE;Between 1.8 and 2.1 million
PERSON_TYPE;Jewish Polish
NATIONAL;German
PERSON_TYPE;ethnic Poles
PERSON_TYPE;Ukrainians and Belarusians
MEASURE;200,000
MEASURE;146,000
INSTALLATION;Auschwitz
EVENT;Warsaw Uprising
MEASURE;120,000
MEASURE;200,000
PERSON_TYPE;Germans
LOCATION;Poland
MEASURE;13 to 18 per thousand
MEASURE;5.6 million
EVENT;World War II
PERSON_TYPE;Polish
PERSON_TYPE;Jewish
PERSON_TYPE;Jewish
LOCATION;Poland
MEASURE;16 percent
MEASURE;3.1 million of the 3.3 million
PERSON_TYPE;Polish Jews
MEASURE;two million of the 31.7 million
PERSON_TYPES;Jewish Polish
NATIONAL;German
PERIOD;2009
INSTITUTION;IPN
MEASURE;2.5 million
PERSON_TYPE;Jewish Polish
EVENT;German occupation
MEASURE;90 percent
LOCATION;Nazi Germany
LOCATION;Soviet Union
EVENT;invasion of Poland
PERIOD;22 August 1939
PERSON;Adolf Hitler
PERSON;Genghis Khan
TITLE;founder
NATIONAL;Polish
CONCEPT;Lebensraum
PERSON_TYPE;Armenians
LOCATION;Poland
PERSON_TYPE;Germans
LOCATION;Russia
LOCATION;Poland
PERSON_TYPE;West Slavs
PERSON_TYPE;West Slavic
MEASURE;345,000
PERSON_TYPE;Czechoslovak
MEASURE;hundreds of thousands
LOCATION;Lidice and Ležáky
PERSON_TYPE;Nazis
PERSON_TYPE;Nazi
NATIONAL;German ethnic Sorbian
PERSON_TYPE;Ethnic Serbs
PERSON_TYPE;South Slavs
EVENT;World War II
PERSON_TYPE;Serbs
PERSON_TYPE;Croatian Ustaše
PERSON;Branko Jungić, an ethnic Serb from Bosnia
LOCATION;Balkans
MEASURE;581,000
PERSON_TYPE;Yugoslav
EVENT;World War II
LOCATION;Yugoslavia
NATIONAL;German
PERSON;Hitler
PERSON_TYPE;Serbs
PERSON_TYPE;Untermenschen
ORGANISATION;Ustaše
PERSON_TYPE;Serbs
PERSON_TYPE;Bosniaks, Croats
INSTALLATION;Jasenovac concentration camp
ORGANISATION;Ustaša
LOCATION;Croatia
PERIOD;between 1941 and 1945
PERSON_TYPE;Serbs, Jews, Roma, Muslims [Bosniaks]
PERSON_TYPE;Catholic
NATIONAL;Croatian
INSTITUTION;United States Holocaust Memorial Museum (USHMM)
WEBSITE;Jewish Virtual Library
MEASURE;between 56,000 and 97,000
INSTALLATION;Jasenovac concentration camp
INSTALLATION;Yad Vashem
MEASURE;500,000
PERSON_TYPE;Serbs
PERSON_TYPE;Ustaše
CREATION;Bošnjaci u Jasenovačkom logoru
INSTALLATION;Jasenovac concentration camp
PERSON;Nihad Halilbegović
MEASURE;103,000
PERSON_TYPE;Bosniaks
PERSON_TYPE;Bosnian Muslims
EVENT;Holocaust
INSTITUTION;Nazi regime
PERSON_TYPE;Croatian Ustaše
PERSON_TYPE;Bosniaks
PERSON_TYPE;Serb or Croat
PERSON_TYPE;Bosniaks
PERSON_TYPE;Roma
PERSON_TYPE;Slovenes
NATIONAL;Italian
MEASURE;between 20,000 and 25,000
PERSON_TYPE;Slovenes
PERSON_TYPE;Nazis or fascists
NATIONAL;Albanian
PERSON_TYPE;Nazis
PERSON_TYPE;Albanians
PERSON_TYPE;Serbs
PERSON_TYPE;Albanian
CONCEPTUAL;fascists
INSTITUTION;Albanian SS Skenderbeg Division and the Balli Kombëtar
MEASURE;3,000 to 10,000
PERSON_TYPE;Kosovo Serbs
PERSON_TYPE;Albanians
MEASURE;30,000 to
				100,000
PERSON_TYPE;East Slavs
EVENT;Occupation of Belarus by Nazi Germany and Reichskommissariat Ukraine
PERSON_TYPE;Soviet
LOCATION;Minsk, Belarus
PERIOD;1943
NATIONAL;Soviet
LOCATION;Eastern Front
LOCATION;Leningrad
MEASURE;one million
LOCATION;Soviet Russia, Belarus and Ukraine
NATIONAL;German
PERSON;Bohdan Wytwycky
PERSON_TYPE;Soviet
PERSON_TYPE;Nazis
INSTITUTION;Russian Academy of Sciences
PERIOD;1995
LOCATION;USSR
NATIONAL;German
PERSON_TYPE;Jews
MEASURE;13.7 million
MEASURE;20%
MEASURE;68 million
LOCATION;USSR
MEASURE;7.4 million
PERSON_TYPE;Nazi
LOCATION;Belarus
LOCATION;Nazi Germany
MEASURE;9,000
MEASURE;380,000
MEASURE;600
LOCATION;Khatyn
MEASURE;5,295
NATIONAL;Belarusian
PERSON_TYPE;Nazis
PERSON;Tim Snyder
MEASURE;nine million
LOCATION;Soviet Belarus
PERIOD;1941
MEASURE;1.6 million
PERSON_TYPE;Germans
MEASURE;700,000
MEASURE;500,000
PERSON_TYPE;Jews
MEASURE;320,000
PERSON_TYPE;partisans
PERSON_TYPE;German
PERSON_TYPE;Slavs
PERSON_TYPE;Jews
PERSON_TYPE;Germans
PERSON_TYPE;Slavs
LOCATION;German
PERSON;Hitler
PERSON_TYPE;Slavs
PERSON_TYPE;Slavs
PERSON;Lucy Dawidowicz
EVENT;Holocaust
PERSON_TYPE;Soviet POWs
INSTALLATION;Mauthausen concentration camp
PERSON_TYPE;Soviet POWs
PERSON_TYPE;Nazi
PERSON_TYPE;Soviet POWs
PERSON;Michael Berenbaum
MEASURE;between two and three million
PERSON_TYPE;Soviet
MEASURE;57 percent
PERSON_TYPE;Soviet POWs
PERIOD;between June 1941 and May 1945
PERSON;Daniel Goldhagen
MEASURE;2.8 million
PERSON_TYPE;Soviet POWs
PERIOD;1941–42
MEASURE;3.5 million
PERIOD;by mid-1944
INSTITUTION;USHMM
MEASURE;3.3 million of the 5.7 million
PERSON_TYPE;Soviet POWs
NATIONAL;German
MEASURE;8,300 of 231,000
PERSON_TYPE;British and American
PERSON_TYPE;POWs
NATIONAL;German
PERIOD;1943
MEASURE;half a million
PERSON_TYPE;Romani
EVENT;Porajmos
PERSON;Emmanuel Ringelblum
PERSON_TYPE;Roma
PERSON_TYPE;Nazi
PERSON_TYPE;Roma and Sinti
PERSON_TYPE;Jews
LEGAL;Nuremberg racial laws
LOCATION;West Germany
EVENT;Porajmos
PERIOD;1982
MEASURE;25%
PERSON_TYPE;Romani
LOCATION;Europe
PERSON_TYPE;Romani
PERSON;Yehuda Bauer
PERSON_TYPE;Romani
PERSON_TYPE;Romani
INSTALLATION;Auschwitz
PERSON;Bauer
PERSON_TYPE;Romani
PERSON_TYPE;Roma
PERSON_TYPE;Romani
LOCATION;Nazi Germany
LOCATION;Luxembourg and the Baltic
PERSON_TYPE;Nazis
PERSON_TYPE;Romani
LOCATION;Denmark, Greece
PERSON_TYPE;Romanis
PERSON;Donald Niewyk and Frances Nicosia
MEASURE;130,000
MEASURE;one million
PERSON_TYPE;Romani
LOCATION;Nazi-controlled Europe
PERSON;Michael Berenbaum
MEASURE;between 90,000 and 220,000
PERSON;Sybil Milton
INSTITUTION;U.S. Holocaust Memorial Museum
MEASURE;220,000
MEASURE;500,000
LOCATION;Independent State of Croatia
PERSON_TYPE;Romanies
PERSON;Martin Gilbert
MEASURE;more than  220,000
MEASURE;700,000
PERSON_TYPE;Romani
LOCATION;Europe
PERSON;Ian Hancock, Director of the Program of Romani Studies and the Romani Archives and Documentation Center at the University of Texas at Austin
MEASURE;between 500,000 and 1,500,000
LOCATION;Warsaw Ghetto
INSTITUTION;Einsatzgruppen
PERSON_TYPE;Romani
PERSON_TYPE;Nazis
EVENT;Ustaše regime
LOCATION;Croatia
PERSON_TYPE;Romani
INSTALLATION;Jasenovac concentration camp
PERSON;Helen Fein
PERSON_TYPE;Ustash
PERSON_TYPE;Romani
LOCATION;Croatia
PERIOD;May 1942
PERSON_TYPE;Romani
PERSON_TYPE;Jews
PERIOD;16 December 1942
PERSON;Heinrich Himmler, Commander of the SS and regarded as the ""architect"" of the Nazi genocide
PERSON;Gypsy Mischlinge
PERSON_TYPE;Romani
LOCATION;Balkan
NATIONAL;German
ISTALLATION;Auschwitz
INSTITUTION;Wehrmacht
PERIOD;29 January 1943
PERSON_TYPE;German Romani
INSTALLATION;Auschwitz
PERIOD;15 November 1943
PERSON;Himmler
NATIONAL;Soviet
PERSON_TYPE;Gypsies and part-Gypsies
PERSON_TYPE;Mischlinge
PERSON_TYPE;Nomadic Gypsies and part-Gypsies
PERSON_TYPE;Jews
PERSON;Bauer
PERSON_TYPE;Nazi
PERSON_TYPE;Romani
PERSON_TYPE;Aryan
PERSON_TYPE;Romani
PERSON_TYPE;Black
LOCATION;Nazi Germany
PERSON_TYPE;Rhineland Bastard
LOCATION;Nazi Germany
PERSON_TYPE;Aryans
LOCATION;Germany
PERSON_TYPE;Nazis
MEASURE;5,000–25,000
PERSON_TYPE;Asians
INSTITUTION;United States Holocaust Memorial Museum
LOCATION;Washington, D.C.
PERIOD;from 1933 to 1945
LOCATION;Nazi Germany
NATIONAL;German
PERSON_TYPE;Jews
PERSON;Afrikaaners, Berbers, Iranians and Pre-Partition Indians
PERSON;Aryans
PERSON_TYPE;Turkic
PERSON_TYPE;Arabs and South Asians
NATIONAL;German
UNKNOWN;Nazi eugenics, Action T4
CREATION;Erbkrank
LEGAL;Law for the Prevention of Hereditarily Diseased Offspring
CREATION;Life unworthy of life
INSTALLATION;Schloss Hartheim
PERSON;Hitler
UNKNOWN;Action T4
PERSON;Joseph Goebbels
PERIOD;1938
PERSON_TYPE;Nazis
CONCEPT;Lebensunwertes Leben
CONCEPT;Life unworthy of life
PERIOD;October 1939
PERSON;Adolf Hitler
PERIOD;1 September 1939
PERSON;Reichsleiter Philipp Bouhler, the chief of his Chancellery
PERSON;Karl Brandt, Hitler 's personal physician
PERSON;  Reich Leader Bouhler and Dr.Brandt
PERSON;Adolf Hitler
UNKNOWN;Action T4
PERSON_TYPE;German
PERIOD;Between 1939 and 1941
MEASURE;80,000 to 100,000
MEASURE;5,000
MEASURE;1,000
PERSON_TYPE;Jews
MEASURE;20,000
PERSON;Georg Renno, the deputy director of Schloss Hartheim
MEASURE;400,000
PERSON;Frank Zeireis, the commandant of Mauthausen concentration camp
MEASURE;300,000
MEASURE;270,000
PERSON_TYPE;Nazis
PERSON_TYPE;Jews
EVENT;Holocaust
PERSON_TYPE;German Catholic and Protestant
PERIOD;24 August 1941
PERSON;Hitler
UNKNOWN;T4
UNKNOWN;Tiergartenstraße 4
LOCATION;Berlin
LOCATION;Tiergarten
INSTITUTION;General Foundation for Welfare and Institutional Care
PERSON;Philipp Bouhler, head of Hitler 's private chancellery (Kanzlei des Führer der NSDAP) and Karl Brandt, Hitler's personal physician
PERSON;Brandt
PERIOD;December 1946
LOCATION;Nuremberg
MEASURE;22
LOCATION;United States of America
PERSON;Karl Brandt
PERSON;Karl Brandt
LOCATION;Landsberg
PERIOD;2 June 1948
PERSON_TYPE;Homosexuals
INSTITUTION;Institut für Sexualwissenschaft
UNKNOWN;Pink triangle
PERSON_TYPE;homosexuals
LOCATION;Nazi Germany
EVENT;Holocaust
INSTALLATION;Homomonument
LOCATION;Amsterdam
PERSON_TYPE;homosexual
LOCATION;Nazi Germany
MEASURE;Between 5,000 and 15,000
PERSON_TYPE;homosexuals
NATIONAL;German
PERSON;James D. Steakley
LOCATION;Germany
CONCEPT;gesundes Volksempfinden
PERIOD;1936
PERSON;Himmler
INSTITUTION;Reich Central Office for the Combating of Homosexuality and Abortion
NATIONAL;German
INSTITUTION;Gestapo
MEASURE;Tens of thousands
PERIOD;between 1933 and 1944
UNKNOWN;yellow armbands
UNKNOWN;pink triangles
MEASURE;Hundreds
INSTITUTION;SS
PERSON;Steakley
LOCATION;Germany
NATIONAL;German
CONCEPT;Nazism
INSTALLATION;Dachau
PERSON_TYPE;German communists, socialists and trade unionists
CONCEPT;Nazism
PERSON;Hitler
CONCEPT;communism
PERSON_TYPE;Jewish
PERSON_TYPE;Nazis
CONCEPT;Judeo-Bolshevism
LEGAL;Enabling Act of 1933
PERSON;Hitler
PERSON;Hermann Göring
EVENT;Nuremberg Trials
PERSON_TYPE;Nazis
PERSON_TYPE;German communists
PERSON;president Paul von Hindenburg
NATIONAL;German
PERSON_TYPE;Nazis
INSTITUTION;MI6
INSTITUTION;Gestapo
CONCEPT;Communism
PERIOD;October 1937
PERSON;the head of the British agency's Berlin station, Frank Foley
PERSON;Heinrich Müller
CONCEPT;communism
PERSON;Hitler
PERSON_TYPE;Nazis
PERSON_TYPE;German leftists
TITLE;leaders of German leftist groups
PERSON_TYPE;Jews
PERSON_TYPE;Jews
TITLE;leaders of the Spartacist uprising
PERIOD;1919
PERSON;Hitler
CONCEPT;Marxism and ""Bolshevism
PERSON_TYPE;Jew
PERSON_TYPE;Nordics or Aryans
LOCATION;Buchenwald
PERSON_TYPE;German communists
PERSON_TYPE;Jews
PERSON_TYPE;Nazis
PERSON;Hitler's infamous Commissar Order
NATIONAL;Soviet
ORGANISATION;Communist Party
NATIONAL;German
INSTITUTION;Einsatzgruppen
LEGAL;Nacht und Nebel
LEGAL;Night and Fog
PERSON;Hitler
PERIOD;7 December 1941
PERSON;Chief of Staff of the Armed Forces Wilhelm Keitel
LOCATION;Nazi Germany
PERSON;German socialists Hermann Brill, Rudolf Breitscheid , Heinrich Bußmann, Josef Felder, Heinrich Fulda, Ernst Heilmann, and Alfred Schmieder; German communists Emil Carlebach, Ernst Grube, Walter Krämer, Adolf Maislinger, Oskar Müller, Beppo Römer, Werner Scholem, and Ernst Thälmann; Jewish socialist and former French Prime Minister Léon Blum; Slovenian socialist activist Andrej Gosar; Jewish Austrian socialist Robert Danneberg; and Austrian socialist (and later Interior Minister) Franz Olah
PERSON;Kurt Schumacher, a leading German socialist politician
PERIOD;ten years
PERIOD;1948
PERIOD;1952
ORGANISATION;Social Democratic Party of Germany
PERSON_TYPE;Freemasons
INSTITUTION;Freemasonry
LOCATION;Nazi Germany
LOCATION;Europe
LEGAL;Nacht und Nebel
ORGANISATION;Loge Liberté chérie
PERIOD;November 1943
INSTITUTION;Hut 6
LOCATION;Emslandlager VII (KZ Esterwegen)
MEASURE;one of two
PERSON_TYPE;Nazi
CREATION;Mein Kampf
PERSON;Hitler
INSTITUTION;Freemasonry
PERSON_TYPE;Jews
INSTITUTION;Freemasonry
PERSON_TYPE;Jewish
LOCATION;Reich
PERSON_TYPE;Freemasons
PERIOD;from the mid-1930s
PERSON;Heydrich
INSTITUTION;Freemasonry museum
PERSON;Eichmann
INSTITUTION;SD
PERSON;Hitler
PERIOD;27 April 1938
PERSON_TYPE;Freemasons
PERSON;Führer
INSTITUTION;Freemasonry
PERSON_TYPE;Jews
PERSON_TYPE;Freemasons
UNKNOWN;inverted red triangle
INSTITUTION;United States Holocaust Memorial Museum
PERSON_TYPE;Freemasons
PERSON_TYPE;Jews
PERSON_TYPE;Nazi
PERSON_TYPE;Freemasons
ORGANISATION;Grand Lodge of Scotland
PERSON_TYPE;Freemasons
MEASURE;between 80,000 and 200,000
ORGANISATION;Jehovah's Witnesses
ORGANISATION;Jehovah's Witnesses
LOCATION;Nazi Germany
PERSON_TYPE;Nazi
MEASURE;12,000
ORGANISATION;Jehovah's Witnesses
UNKNOWN;purple triangle
MEASURE;Between 2,500 and 5,000
PERSON;Historian Detlef Garbe, director of Hamburg's Neuengamme Memorial
CONCEPT;National Socialism
PERSON_TYPE;Spanish Republicans
EVENT;Spanish Civil War
LOCATION;France
LOCATION;France
INSTALLATION;Mauthausen-Gusen concentration camp
MEASURE;7000
PERSON;Shimon Samuels, director for International Liaison of the Simon Wiesenthal Centre
EVENT;Holocaust
CONCEPTUAL;specifists
CONCEPTUAL;universalists
EVENT;Holocaust
PERSON_TYPE;Jews
PERSON;Yehuda Bauer
PERSON;Bauer
EVENT;Holocaust
EVENT;Armenian Genocide
EVENT;Holocaust
EVENT;Armenian Genocide
PERSON_TYPE;Nazis
PERSON_TYPE;Jews
PERSON_TYPE;Jewry
PERSON_TYPE;Jews
NATIONAL;Armenian
PERSON_TYPE;Armenians
LOCATION;Turkey
EVENT;holocaust
EVENT;Armenian massacres
NATIONAL;Armenian
EVENT;holocaust
PERSON_TYPE;Jews
EVENT;Holocaust
EVENT;Holocaust
PERSON;Peter Novick
PERSON;Samuels
PERIOD;2011
PERSON;Dan Stone
EVENT;Holocaust
EVENT;Holocaust
PERSON_TYPE;Nazi
CONCEPT;Final Solution
LOCATION;Eastern Europe
PERSON_TYPE;Jews
PERSON_TYPE;Nazis
PERSON_TYPE;Nazi
EVENT;Nuremberg trials
EVENT;Nuremberg trials
PERSON;Hermann Göring
LOCATION;Third Reich
PERSON;Hitler
PERSON;Göring
EVENT;Nuremberg trials
INSTITUTION;Allied forces
EVENT;World War II
LOCATION;Nazi Germany
LOCATION;Nuremberg, Germany
PERSON;Norman Birkett
PERSON_TYPE;British
INSTITUTION;International Military Tribunal (IMT)
PERIOD;between 20 November 1945 and 1 October 1946
MEASURE;23
LOCATION;Third Reich
PERSON;Adolf Hitler, Heinrich Himmler, and Joseph Goebbels
INSTITUTION;International Military Tribunal
PERIOD;November 19, 1945
INSTALLATION;Palace of Justice
LOCATION;Nuremberg
PERSON;Soviet judge, Nikitchenko
MEASURE;24
MEASURE;seven
INSTITUTION;Nazi party, the Reich Cabinet, the Schutzstaffel (SS), Sicherheitsdienst (SD), the Gestapo, the Sturmabteilung (SA) and the ""General Staff and High Command""
PERIOD;10 to 15 years
LOCATION;Israel and West Germany
BUSINESS;Railcar
BUSINESS;Maschinenfabrik Esslingen
LOCATION;Jerusalem
LOCATION;Germany
EVENT;Second World War
INSTITUTION;Jewish Agency
PERSON;Chaim Weizmann
INSTITUTION;Allies
PERSON_TYPE;Jews
LOCATION;Germany
PERIOD;March 1951
PERSON;Israel's foreign minister Moshe Sharett
LOCATION;Israel
MEASURE;$1.5 billion
LOCATION;Israel
MEASURE;500,000
PERSON_TYPE;Jewish
PERSON;West German Chancellor Konrad Adenauer
ORGANISATION;Jewish Material Claims against Germany
LOCATION;New York City
PERSON;Nahum Goldmann
MEASURE;$845 million
PERIOD;14 years
PERIOD;1952
PERSON;Ben Gurion
PERSON_TYPE;Jewish
EVENT;Holocaust
LOCATION;Israel
PERIOD;1988
LOCATION;West Germany
MEASURE;$125 million
PERIOD;1999
NATIONAL;German
BUSINESS;Deutsche Bank, Siemens or BMW
EVENT;World War II
LOCATION;Germany
MEASURE;$5 billion
PERSON_TYPE;Jewish
MEASURE;between $2,500 and $7,500
PERIOD;2012
LOCATION;Germany
MEASURE;€772 million
LOCATION;Israel
PERIOD;2014
BUSINESS;SNCF
NATIONAL;French
MEASURE;$60 million
PERSON_TYPE;American Jewish
EVENT;Holocaust
LOCATION;Germany
MEASURE;$100,000
BUSINESS;SNCF
NATIONAL;German
PERSON_TYPE;French Jews
PERSON;Serge Klarsfeld, president of the organization Sons and Daughters of Jewish Deportees
LOCATION;France
LOCATION;Israel
PERIOD;between 1993 and 2009
MEASURE;$57 million
